id;username;password;freshman;person_type;email;phone_number;gender;token;create_date;update_date
1;USB;Chief quantifying Handmade;56748;CUSTOMER;Keon_Little@hotmail.com;Home Loan Account;F;one-to-one Courts;2021-03-19T22:11:14;2021-03-19T20:33:16
2;quantifying Proactive Unbranded Concrete Tuna;Buckinghamshire;1181;INNKEEPER;Leland32@hotmail.com;local contingency;M;United States of America Small;2021-03-19T16:13:03;2021-03-19T14:09:06
3;content;RSS Maine Missouri;93020;INNKEEPER;Freda_Pagac62@gmail.com;Ramp;F;enable;2021-03-19T07:11:55;2021-03-19T07:57:40
4;Alabama;Reunion Fantastic Fresh Salad;84364;INNKEEPER;June_Jacobs@gmail.com;yellow Highway;M;streamline South Dakota Credit Card Account;2021-03-19T02:01:06;2021-03-19T15:30:54
5;Metal;Orchestrator;79525;CUSTOMER;Korbin_Casper68@gmail.com;Unbranded Granite Pants Health Panama;M;hack Uganda Shilling;2021-03-19T15:44:26;2021-03-19T19:45:33
6;Borders Team-oriented ADP;Fantastic Wooden Soap Small zero administration;85293;INNKEEPER;Domingo.Stracke55@yahoo.com;payment Incredible Frozen Pants Operative;M;mobile Wallis and Futuna Mouse;2021-03-19T10:13:05;2021-03-19T07:45:10
7;Armenia;Car deposit;74753;CUSTOMER;Theo.Kassulke28@hotmail.com;technologies Cotton GB;F;withdrawal protocol Direct;2021-03-19T22:58:30;2021-03-19T08:32:50
8;virtual;Alaska Home Micronesia;77095;INNKEEPER;Caitlyn.West@hotmail.com;moratorium;M;District Generic;2021-03-19T08:56:20;2021-03-19T18:49:40
9;Computers Dynamic;card withdrawal bypassing;13797;INNKEEPER;Hermann.Moore@gmail.com;microchip;F;rich;2021-03-20T00:33:22;2021-03-19T10:43:26
10;Guinea;Home Loan Account Refined Village;92176;INNKEEPER;Moriah84@yahoo.com;bluetooth Monitored;F;Beauty Corporate New Hampshire;2021-03-19T23:36:39;2021-03-19T13:58:41
